"Nome","Email","Banco"
<<<<<<< HEAD
"jeson","jeson","jeons"
"jeson","jeson","jeons"
"jeson","jeson","jeons"
"a","a","a"
"joao","gigi","jeson"
"joao","gigi","jeson"
"j","j","j"
"jeson","jeson","jeson"
"jeson","jeson","ejeson"
"jeson","jeson","ejeson"
"jeson","jeson","jeosn"
"s","j","j"
"j","jj","j"
"j","j","j"
"j","j","j"
"a","j","a"
"a","j","a"
"a","a","a"
"a","a","a"
"a","a","a"
=======
>>>>>>> b04eaf9188f8d6893908f680e6a9369ba34c3576
"a","a","a"
"a","a","a"
"j","j","j"
"a","aa","aaa"
"jeson","jekamdlk","jfbna"
"kj","j","j"
